Palm_Position_X,Palm_Position_Y,Palm_Position_Z,Palm_Velocity_X,Palm_Velocity_Y,Palm_Velocity_Z
0.0,0.0,0.0,0.0,0.0,0.0
0.0,0.0,0.0,0.0,0.0,0.0
0.0,0.0,0.0,0.0,0.0,0.0
0.0,0.0,0.0,0.0,0.0,0.0
0.0,0.0,0.0,0.0,0.0,0.0
0.0,0.0,0.0,0.0,0.0,0.0
0.0,0.0,0.0,0.0,0.0,0.0
0.0,0.0,0.0,0.0,0.0,0.0
0.0,0.0,0.0,0.0,0.0,0.0
0.0,0.0,0.0,0.0,0.0,0.0
0.0,0.0,0.0,0.0,0.0,0.0
0.0,0.0,0.0,0.0,0.0,0.0
0.0,0.0,0.0,0.0,0.0,0.0
0.0,0.0,0.0,0.0,0.0,0.0
0.0,0.0,0.0,0.0,0.0,0.0
0.0,0.0,0.0,0.0,0.0,0.0
0.0,0.0,0.0,0.0,0.0,0.0
0.0,0.0,0.0,0.0,0.0,0.0
0.0,0.0,0.0,0.0,0.0,0.0
0.0,0.0,0.0,0.0,0.0,0.0
0.0,0.0,0.0,0.0,0.0,0.0
0.0,0.0,0.0,0.0,0.0,0.0
0.0,0.0,0.0,0.0,0.0,0.0
0.0,0.0,0.0,0.0,0.0,0.0
0.0,0.0,0.0,0.0,0.0,0.0
0.0,0.0,0.0,0.0,0.0,0.0
0.0,0.0,0.0,0.0,0.0,0.0
0.0,0.0,0.0,0.0,0.0,0.0
0.0,0.0,0.0,0.0,0.0,0.0
0.0,0.0,0.0,0.0,0.0,0.0
0.0,0.0,0.0,0.0,0.0,0.0
0.0,0.0,0.0,0.0,0.0,0.0
0.0,0.0,0.0,0.0,0.0,0.0
0.0,0.0,0.0,0.0,0.0,0.0
0.0,0.0,0.0,0.0,0.0,0.0
0.0,0.0,0.0,0.0,0.0,0.0
0.0,0.0,0.0,0.0,0.0,0.0
0.0,0.0,0.0,0.0,0.0,0.0
0.0,0.0,0.0,0.0,0.0,0.0
0.0,0.0,0.0,0.0,0.0,0.0
0.0,0.0,0.0,0.0,0.0,0.0
0.0,0.0,0.0,0.0,0.0,0.0
0.0,0.0,0.0,0.0,0.0,0.0
0.0,0.0,0.0,0.0,0.0,0.0
0.0,0.0,0.0,0.0,0.0,0.0
0.0,0.0,0.0,0.0,0.0,0.0
0.0,0.0,0.0,0.0,0.0,0.0
0.0,0.0,0.0,0.0,0.0,0.0
0.0,0.0,0.0,0.0,0.0,0.0
113.92539,125.34281,58.032143,1.1920929E-7,1.1920929E-7,1.1920929E-7
118.81809,126.5172,54.03155,505.54807,121.34527,-413.3695
135.28227,130.30934,40.56774,683.9428,161.13455,-559.0361
141.46231,131.59953,36.117268,752.5114,171.95775,-595.75977
150.69771,132.94205,29.130617,839.445,168.20361,-654.58887
160.22748,134.31166,22.420818,908.7176,165.51787,-686.47186
169.42711,135.56798,16.253016,948.90405,159.97495,-692.8475
178.06543,136.41592,10.394031,961.9634,143.50685,-688.6246
186.95113,137.87727,3.769946,979.3243,150.26355,-709.13116
195.11137,138.9023,-1.9453366,968.13983,141.58559,-695.0972
203.64531,138.43343,-6.9727087,968.39996,89.07014,-661.6213
208.73235,136.8118,-12.140491,870.8097,15.836234,-646.9878
215.83705,138.44287,-18.8307,856.5417,61.635773,-679.6779
218.6078,135.15414,-24.328169,714.42957,-55.659077,-668.1688
217.19113,132.4556,-31.922295,480.84265,-123.6304,-723.319
225.59883,132.38864,-38.227165,610.80316,-92.78345,-724.24176
229.51083,130.80855,-45.729256,568.8576,-116.6713,-762.4006
246.97455,136.33394,-52.500725,952.8486,83.883675,-766.88477
245.72261,133.88249,-55.195744,660.6967,-13.649615,-645.3233
242.25334,135.14336,-59.61539,378.89166,28.671339,-609.726
0.0,0.0,0.0,0.0,0.0,0.0
0.0,0.0,0.0,0.0,0.0,0.0
0.0,0.0,0.0,0.0,0.0,0.0
0.0,0.0,0.0,0.0,0.0,0.0
0.0,0.0,0.0,0.0,0.0,0.0
0.0,0.0,0.0,0.0,0.0,0.0
0.0,0.0,0.0,0.0,0.0,0.0
0.0,0.0,0.0,0.0,0.0,0.0
0.0,0.0,0.0,0.0,0.0,0.0
0.0,0.0,0.0,0.0,0.0,0.0
0.0,0.0,0.0,0.0,0.0,0.0
0.0,0.0,0.0,0.0,0.0,0.0
0.0,0.0,0.0,0.0,0.0,0.0
0.0,0.0,0.0,0.0,0.0,0.0
0.0,0.0,0.0,0.0,0.0,0.0
0.0,0.0,0.0,0.0,0.0,0.0
0.0,0.0,0.0,0.0,0.0,0.0
0.0,0.0,0.0,0.0,0.0,0.0
0.0,0.0,0.0,0.0,0.0,0.0
0.0,0.0,0.0,0.0,0.0,0.0
0.0,0.0,0.0,0.0,0.0,0.0
0.0,0.0,0.0,0.0,0.0,0.0
0.0,0.0,0.0,0.0,0.0,0.0
0.0,0.0,0.0,0.0,0.0,0.0
0.0,0.0,0.0,0.0,0.0,0.0
0.0,0.0,0.0,0.0,0.0,0.0
0.0,0.0,0.0,0.0,0.0,0.0
0.0,0.0,0.0,0.0,0.0,0.0
0.0,0.0,0.0,0.0,0.0,0.0
0.0,0.0,0.0,0.0,0.0,0.0
0.0,0.0,0.0,0.0,0.0,0.0
0.0,0.0,0.0,0.0,0.0,0.0
0.0,0.0,0.0,0.0,0.0,0.0
0.0,0.0,0.0,0.0,0.0,0.0
0.0,0.0,0.0,0.0,0.0,0.0
0.0,0.0,0.0,0.0,0.0,0.0
0.0,0.0,0.0,0.0,0.0,0.0
0.0,0.0,0.0,0.0,0.0,0.0
0.0,0.0,0.0,0.0,0.0,0.0
0.0,0.0,0.0,0.0,0.0,0.0
0.0,0.0,0.0,0.0,0.0,0.0
0.0,0.0,0.0,0.0,0.0,0.0
0.0,0.0,0.0,0.0,0.0,0.0
0.0,0.0,0.0,0.0,0.0,0.0
0.0,0.0,0.0,0.0,0.0,0.0
0.0,0.0,0.0,0.0,0.0,0.0
0.0,0.0,0.0,0.0,0.0,0.0
0.0,0.0,0.0,0.0,0.0,0.0
0.0,0.0,0.0,0.0,0.0,0.0
0.0,0.0,0.0,0.0,0.0,0.0
0.0,0.0,0.0,0.0,0.0,0.0
0.0,0.0,0.0,0.0,0.0,0.0
0.0,0.0,0.0,0.0,0.0,0.0
0.0,0.0,0.0,0.0,0.0,0.0
0.0,0.0,0.0,0.0,0.0,0.0
0.0,0.0,0.0,0.0,0.0,0.0
0.0,0.0,0.0,0.0,0.0,0.0
0.0,0.0,0.0,0.0,0.0,0.0
0.0,0.0,0.0,0.0,0.0,0.0
0.0,0.0,0.0,0.0,0.0,0.0
0.0,0.0,0.0,0.0,0.0,0.0
0.0,0.0,0.0,0.0,0.0,0.0
0.0,0.0,0.0,0.0,0.0,0.0
0.0,0.0,0.0,0.0,0.0,0.0
0.0,0.0,0.0,0.0,0.0,0.0
0.0,0.0,0.0,0.0,0.0,0.0
0.0,0.0,0.0,0.0,0.0,0.0
0.0,0.0,0.0,0.0,0.0,0.0
0.0,0.0,0.0,0.0,0.0,0.0
0.0,0.0,0.0,0.0,0.0,0.0
0.0,0.0,0.0,0.0,0.0,0.0
0.0,0.0,0.0,0.0,0.0,0.0
0.0,0.0,0.0,0.0,0.0,0.0
0.0,0.0,0.0,0.0,0.0,0.0
0.0,0.0,0.0,0.0,0.0,0.0
0.0,0.0,0.0,0.0,0.0,0.0
0.0,0.0,0.0,0.0,0.0,0.0
0.0,0.0,0.0,0.0,0.0,0.0
0.0,0.0,0.0,0.0,0.0,0.0
0.0,0.0,0.0,0.0,0.0,0.0
0.0,0.0,0.0,0.0,0.0,0.0
0.0,0.0,0.0,0.0,0.0,0.0
0.0,0.0,0.0,0.0,0.0,0.0
0.0,0.0,0.0,0.0,0.0,0.0
0.0,0.0,0.0,0.0,0.0,0.0
0.0,0.0,0.0,0.0,0.0,0.0
0.0,0.0,0.0,0.0,0.0,0.0
0.0,0.0,0.0,0.0,0.0,0.0
0.0,0.0,0.0,0.0,0.0,0.0
0.0,0.0,0.0,0.0,0.0,0.0
0.0,0.0,0.0,0.0,0.0,0.0
0.0,0.0,0.0,0.0,0.0,0.0
0.0,0.0,0.0,0.0,0.0,0.0
0.0,0.0,0.0,0.0,0.0,0.0
0.0,0.0,0.0,0.0,0.0,0.0
0.0,0.0,0.0,0.0,0.0,0.0
0.0,0.0,0.0,0.0,0.0,0.0
0.0,0.0,0.0,0.0,0.0,0.0
0.0,0.0,0.0,0.0,0.0,0.0
0.0,0.0,0.0,0.0,0.0,0.0
0.0,0.0,0.0,0.0,0.0,0.0
0.0,0.0,0.0,0.0,0.0,0.0
0.0,0.0,0.0,0.0,0.0,0.0
0.0,0.0,0.0,0.0,0.0,0.0
0.0,0.0,0.0,0.0,0.0,0.0
0.0,0.0,0.0,0.0,0.0,0.0
0.0,0.0,0.0,0.0,0.0,0.0
0.0,0.0,0.0,0.0,0.0,0.0
0.0,0.0,0.0,0.0,0.0,0.0
0.0,0.0,0.0,0.0,0.0,0.0
0.0,0.0,0.0,0.0,0.0,0.0
0.0,0.0,0.0,0.0,0.0,0.0
0.0,0.0,0.0,0.0,0.0,0.0
0.0,0.0,0.0,0.0,0.0,0.0
0.0,0.0,0.0,0.0,0.0,0.0
0.0,0.0,0.0,0.0,0.0,0.0
0.0,0.0,0.0,0.0,0.0,0.0
0.0,0.0,0.0,0.0,0.0,0.0
0.0,0.0,0.0,0.0,0.0,0.0
0.0,0.0,0.0,0.0,0.0,0.0
0.0,0.0,0.0,0.0,0.0,0.0
0.0,0.0,0.0,0.0,0.0,0.0
0.0,0.0,0.0,0.0,0.0,0.0
0.0,0.0,0.0,0.0,0.0,0.0
0.0,0.0,0.0,0.0,0.0,0.0
0.0,0.0,0.0,0.0,0.0,0.0
0.0,0.0,0.0,0.0,0.0,0.0
0.0,0.0,0.0,0.0,0.0,0.0
0.0,0.0,0.0,0.0,0.0,0.0
0.0,0.0,0.0,0.0,0.0,0.0
0.0,0.0,0.0,0.0,0.0,0.0
0.0,0.0,0.0,0.0,0.0,0.0
0.0,0.0,0.0,0.0,0.0,0.0
0.0,0.0,0.0,0.0,0.0,0.0
0.0,0.0,0.0,0.0,0.0,0.0
0.0,0.0,0.0,0.0,0.0,0.0
0.0,0.0,0.0,0.0,0.0,0.0
0.0,0.0,0.0,0.0,0.0,0.0
0.0,0.0,0.0,0.0,0.0,0.0
0.0,0.0,0.0,0.0,0.0,0.0
0.0,0.0,0.0,0.0,0.0,0.0
0.0,0.0,0.0,0.0,0.0,0.0
0.0,0.0,0.0,0.0,0.0,0.0
0.0,0.0,0.0,0.0,0.0,0.0
0.0,0.0,0.0,0.0,0.0,0.0
0.0,0.0,0.0,0.0,0.0,0.0
0.0,0.0,0.0,0.0,0.0,0.0
0.0,0.0,0.0,0.0,0.0,0.0
0.0,0.0,0.0,0.0,0.0,0.0
0.0,0.0,0.0,0.0,0.0,0.0
0.0,0.0,0.0,0.0,0.0,0.0
0.0,0.0,0.0,0.0,0.0,0.0
0.0,0.0,0.0,0.0,0.0,0.0
0.0,0.0,0.0,0.0,0.0,0.0
0.0,0.0,0.0,0.0,0.0,0.0
0.0,0.0,0.0,0.0,0.0,0.0
0.0,0.0,0.0,0.0,0.0,0.0
0.0,0.0,0.0,0.0,0.0,0.0
0.0,0.0,0.0,0.0,0.0,0.0
0.0,0.0,0.0,0.0,0.0,0.0
0.0,0.0,0.0,0.0,0.0,0.0
0.0,0.0,0.0,0.0,0.0,0.0
0.0,0.0,0.0,0.0,0.0,0.0
0.0,0.0,0.0,0.0,0.0,0.0
0.0,0.0,0.0,0.0,0.0,0.0
0.0,0.0,0.0,0.0,0.0,0.0
0.0,0.0,0.0,0.0,0.0,0.0
0.0,0.0,0.0,0.0,0.0,0.0
0.0,0.0,0.0,0.0,0.0,0.0
0.0,0.0,0.0,0.0,0.0,0.0
0.0,0.0,0.0,0.0,0.0,0.0
0.0,0.0,0.0,0.0,0.0,0.0
0.0,0.0,0.0,0.0,0.0,0.0
0.0,0.0,0.0,0.0,0.0,0.0
0.0,0.0,0.0,0.0,0.0,0.0
0.0,0.0,0.0,0.0,0.0,0.0
0.0,0.0,0.0,0.0,0.0,0.0
0.0,0.0,0.0,0.0,0.0,0.0
0.0,0.0,0.0,0.0,0.0,0.0
0.0,0.0,0.0,0.0,0.0,0.0
0.0,0.0,0.0,0.0,0.0,0.0
0.0,0.0,0.0,0.0,0.0,0.0
0.0,0.0,0.0,0.0,0.0,0.0
0.0,0.0,0.0,0.0,0.0,0.0
0.0,0.0,0.0,0.0,0.0,0.0
0.0,0.0,0.0,0.0,0.0,0.0
0.0,0.0,0.0,0.0,0.0,0.0
0.0,0.0,0.0,0.0,0.0,0.0
0.0,0.0,0.0,0.0,0.0,0.0
0.0,0.0,0.0,0.0,0.0,0.0
0.0,0.0,0.0,0.0,0.0,0.0
0.0,0.0,0.0,0.0,0.0,0.0
0.0,0.0,0.0,0.0,0.0,0.0
0.0,0.0,0.0,0.0,0.0,0.0
0.0,0.0,0.0,0.0,0.0,0.0
0.0,0.0,0.0,0.0,0.0,0.0
131.76106,171.39886,68.727104,1.1920929E-7,1.1920929E-7,1.1920929E-7
136.26274,171.58391,63.65077,517.1969,21.258244,-583.219
143.67273,171.89268,56.632668,607.1536,25.08494,-643.60815
152.82692,172.93744,48.232544,727.2881,50.51071,-730.93274
163.43083,173.81363,39.73208,857.7617,63.8556,-795.96063
173.99852,173.65204,31.413198,954.6274,41.959034,-840.19135
185.16074,174.54846,23.567265,1042.4185,58.26253,-856.7919
196.39528,175.41583,15.657734,1111.0742,69.4509,-872.56226
207.07018,176.1587,7.5679364,1141.6548,73.68051,-887.5784
216.77089,175.99281,-0.7304868,1137.1353,49.073654,-907.2948
227.00412,176.67647,-8.882672,1146.9,56.91457,-914.69727
237.76198,176.43593,-17.166805,1172.5575,34.421818,-926.08575
240.72107,172.85828,-24.700033,950.9979,-84.48218,-910.4765
241.14847,171.21349,-32.365627,710.9504,-112.44765,-903.2518
0.0,0.0,0.0,0.0,0.0,0.0
0.0,0.0,0.0,0.0,0.0,0.0
0.0,0.0,0.0,0.0,0.0,0.0
0.0,0.0,0.0,0.0,0.0,0.0
0.0,0.0,0.0,0.0,0.0,0.0
0.0,0.0,0.0,0.0,0.0,0.0
0.0,0.0,0.0,0.0,0.0,0.0
0.0,0.0,0.0,0.0,0.0,0.0
0.0,0.0,0.0,0.0,0.0,0.0
0.0,0.0,0.0,0.0,0.0,0.0
0.0,0.0,0.0,0.0,0.0,0.0
0.0,0.0,0.0,0.0,0.0,0.0
0.0,0.0,0.0,0.0,0.0,0.0
0.0,0.0,0.0,0.0,0.0,0.0
0.0,0.0,0.0,0.0,0.0,0.0
0.0,0.0,0.0,0.0,0.0,0.0
0.0,0.0,0.0,0.0,0.0,0.0
0.0,0.0,0.0,0.0,0.0,0.0
0.0,0.0,0.0,0.0,0.0,0.0
0.0,0.0,0.0,0.0,0.0,0.0
0.0,0.0,0.0,0.0,0.0,0.0
0.0,0.0,0.0,0.0,0.0,0.0
0.0,0.0,0.0,0.0,0.0,0.0
0.0,0.0,0.0,0.0,0.0,0.0
0.0,0.0,0.0,0.0,0.0,0.0
0.0,0.0,0.0,0.0,0.0,0.0
0.0,0.0,0.0,0.0,0.0,0.0
0.0,0.0,0.0,0.0,0.0,0.0
0.0,0.0,0.0,0.0,0.0,0.0
0.0,0.0,0.0,0.0,0.0,0.0
0.0,0.0,0.0,0.0,0.0,0.0
0.0,0.0,0.0,0.0,0.0,0.0
0.0,0.0,0.0,0.0,0.0,0.0
0.0,0.0,0.0,0.0,0.0,0.0
0.0,0.0,0.0,0.0,0.0,0.0
0.0,0.0,0.0,0.0,0.0,0.0
0.0,0.0,0.0,0.0,0.0,0.0
0.0,0.0,0.0,0.0,0.0,0.0
0.0,0.0,0.0,0.0,0.0,0.0
0.0,0.0,0.0,0.0,0.0,0.0
0.0,0.0,0.0,0.0,0.0,0.0
0.0,0.0,0.0,0.0,0.0,0.0
0.0,0.0,0.0,0.0,0.0,0.0
0.0,0.0,0.0,0.0,0.0,0.0
0.0,0.0,0.0,0.0,0.0,0.0
0.0,0.0,0.0,0.0,0.0,0.0
0.0,0.0,0.0,0.0,0.0,0.0
0.0,0.0,0.0,0.0,0.0,0.0
140.49344,135.86732,-89.35536,1.1920929E-7,1.1920929E-7,1.1920929E-7
139.15982,135.65674,-89.165504,-144.80032,-22.86492,20.614506
137.45113,135.32312,-88.996346,-161.26971,-27.44118,20.66475
135.42863,135.20317,-88.607086,-180.48586,-23.83142,27.119537
132.5295,134.64377,-88.210526,-221.28549,-34.634415,32.0521
129.95007,134.39867,-87.36919,-241.69662,-32.96116,49.362797
128.04283,134.21645,-86.36154,-235.79665,-29.767982,67.116066
126.03181,133.95529,-85.3134,-233.21358,-29.66423,80.92268
123.69708,133.69873,-84.20325,-244.21115,-29.819393,93.973305
121.189804,133.56328,-82.58894,-254.68715,-25.878683,117.86559
118.82095,133.47249,-81.05039,-258.3734,-21.666521,133.10443
116.70557,133.14247,-79.49149,-258.0486,-26.356876,147.43802
114.70395,132.97221,-77.72109,-250.39783,-24.527573,162.27823
112.58716,132.87006,-76.05713,-248.75938,-21.139406,170.1786
110.25274,132.66309,-74.61888,-254.41129,-21.883574,169.17247
107.97699,132.40742,-72.90183,-256.4178,-23.893608,176.75655
106.20588,132.40765,-71.450874,-242.55719,-17.531815,174.26094
104.30676,132.00998,-69.85139,-236.29585,-25.068256,176.97525
102.60205,131.8776,-68.33968,-225.78522,-22.466148,176.3122
101.09808,131.94371,-67.099464,-211.52814,-14.433855,167.19595
99.35253,131.73758,-65.642075,-209.1192,-16.941105,167.67667
97.82867,131.61479,-64.30796,-199.97751,-16.180065,163.78766
96.135765,131.39122,-62.795223,-199.08983,-18.768248,166.93631
94.55086,131.26451,-61.421207,-194.65515,-17.653708,164.60042
92.93345,131.17488,-59.91697,-190.5755,-15.542923,165.31721
91.33955,131.01003,-58.468533,-181.03111,-15.809465,159.0101
89.965576,130.97041,-57.55007,-184.36597,-13.564257,152.83817
86.64767,130.89655,-54.973907,-186.23752,-9.193372,149.77199
85.30387,130.76018,-53.780605,-179.2138,-11.003787,147.59221
83.81097,130.56796,-52.43477,-177.67436,-13.997014,149.89757
82.40935,130.42523,-50.915623,-173.34554,-14.647307,156.57164
81.117134,130.15334,-49.1679,-166.69945,-19.074549,168.3692
79.75433,129.88457,-47.611397,-164.382,-22.273426,171.55646
78.325554,129.64355,-46.117188,-164.30556,-23.716766,171.5707
76.843346,129.46172,-44.491516,-165.96857,-22.972267,175.6973
75.3466,129.33138,-42.80287,-167.94687,-20.887358,180.98924
73.92694,129.04587,-40.80746,-159.03793,-23.035255,185.3004
72.72724,128.82779,-39.196518,-161.21481,-24.746613,194.55147
71.01312,128.55734,-37.370857,-170.9676,-26.468307,198.86731
69.556145,128.39487,-35.67158,-169.90874,-24.370924,197.77472
67.97918,127.94738,-33.841053,-173.33752,-31.657045,201.61023
66.49964,127.63375,-32.068638,-172.46367,-32.828815,202.17468
65.07734,127.399666,-30.38631,-170.20421,-31.274311,199.9862
63.320606,127.03782,-28.545671,-178.31271,-33.960472,202.6682
61.79606,126.72605,-26.68428,-178.41058,-34.63762,206.73436
60.231407,126.381775,-24.73413,-178.78773,-35.952793,211.3754
58.622135,125.92215,-22.778654,-180.769,-40.52613,215.34103
57.15904,125.648796,-20.975113,-177.09059,-38.02736,212.81628
55.898647,125.17856,-18.870653,-168.88701,-42.39351,221.06628
54.407024,124.647804,-16.750809,-169.55544,-47.35484,227.07324
52.966774,124.27027,-14.857259,-168.60501,-46.33131,224.71837
51.48213,123.93565,-13.158131,-169.5601,-44.341633,217.40536
50.210594,123.40636,-11.104597,-163.21893,-48.71532,222.248
49.03341,123.15501,-9.271842,-155.93417,-43.4731,219.38028
47.190887,122.78612,-7.6702743,-170.93944,-43.21491,210.1031
45.62809,122.48137,-6.062793,-173.41692,-41.06965,203.5342
44.41366,122.189514,-4.536182,-162.45782,-38.603672,193.75748
43.28788,121.970955,-2.6158583,-155.6192,-35.467243,203.43695
41.97986,121.83962,-0.5094238,-154.48837,-30.09029,214.12877
40.68664,121.93302,1.3691261,-153.23148,-19.24606,215.02924
39.50449,122.17072,3.2902455,-148.56078,-6.819457,216.51407
38.90401,122.29093,5.1163874,-127.34967,-1.3142974,214.76315
37.338234,122.38857,6.979746,-141.60843,2.031361,214.95657
36.418003,122.796326,9.099247,-132.38339,14.014076,223.14195
35.12251,123.307465,10.925439,-135.79118,25.79615,217.96974
33.428757,123.269615,12.1563635,-152.49411,17.900208,198.98442
31.058645,120.715645,13.164423,-184.97017,-65.26941,177.3387
27.983095,121.27262,13.913786,-229.07968,-30.589659,152.3402
26.35563,119.44228,15.860646,-219.00201,-78.84398,172.22423
24.840517,118.074234,17.930286,-207.18007,-99.82111,189.8651
23.99389,117.56372,19.993599,-177.91689,-88.86861,202.53125
22.949915,117.543785,22.092836,-162.63148,-65.84631,213.07614
21.766321,117.79307,24.474802,-155.78725,-40.71732,229.62053
20.475218,118.00181,26.883507,-153.92166,-23.475046,242.38339
19.608734,118.64942,28.320906,-139.56749,2.6375165,222.01709
18.761448,119.06725,29.734413,-128.4666,14.756804,206.37389
17.900461,119.284386,30.918621,-120.77122,17.50115,187.90733
16.754425,119.64111,32.98789,-123.701836,23.772274,201.24211
15.44385,120.141426,35.4268,-130.90813,32.776546,222.37483
14.253458,120.34568,37.3973,-132.66904,30.33918,223.78186
13.049537,120.310486,39.70161,-134.35283,21.196434,235.0164
11.633313,120.06441,42.13202,-141.20496,7.922208,245.56805
10.048361,120.48975,44.231625,-153.27376,18.959524,246.3318
8.605471,120.40719,46.51051,-155.92642,11.3026705,249.37035
7.050789,120.38172,48.819427,-162.94246,7.560904,255.13162
4.9476914,120.69164,51.302967,-181.46146,14.879635,259.50403
3.4684863,120.71179,53.704075,-181.19557,11.729921,267.96014
1.9803299,120.529236,56.076668,-178.7157,3.011442,269.56573
0.24347295,120.43565,58.65745,-184.55414,-0.6601314,277.17523
-1.344879,120.12116,61.587,-184.27339,-10.135693,293.44925
-3.1285465,120.106964,64.175415,-189.12575,-7.834749,293.46402
-5.0011435,119.545135,67.137184,-196.828,-23.034246,307.13904
-6.788863,119.335396,69.487015,-198.85223,-23.287199,296.82196
-8.306206,118.521545,72.11434,-190.44302,-41.70539,295.324
-9.990885,118.01645,74.67007,-193.74881,-46.63432,298.69812
-11.654602,117.24942,77.20188,-193.49292,-57.826992,297.2874
-13.220481,116.74085,79.65965,-189.94833,-58.012684,293.43347
-14.975396,116.43285,81.994865,-192.48877,-51.80987,285.85455
-16.563742,115.620865,84.46531,-190.76433,-63.16672,286.7274
-18.665577,114.186935,86.389336,-175.2109,-78.76375,228.62521
-19.32051,114.208496,87.45685,-177.2118,-69.04915,238.38805
-21.420336,114.321815,90.849045,-194.05045,-47.069843,278.42694
-23.198498,114.42993,93.79784,-197.28227,-31.290327,295.26794
-24.988945,113.77404,96.04909,-199.4751,-43.039913,285.41406
-27.10416,112.77573,98.60356,-211.41777,-62.247646,288.01584
-30.749615,112.38543,100.37411,-267.16476,-57.699097,265.88623
-32.714508,111.78413,102.411224,-256.80032,-60.894215,258.07782
-34.2879,110.58663,104.526566,-236.69649,-81.41582,254.25839
-35.625355,109.18721,106.623634,-214.38406,-102.5337,250.53142
-36.152733,107.90397,109.33591,-173.81015,-114.78422,267.47046
-36.644093,106.6564,111.87806,-142.21602,-122.1954,273.56143
-37.55349,105.60221,114.799675,-129.49242,-119.53823,284.6468
-39.53201,105.287155,116.92566,-159.04362,-99.86623,280.54254
-40.261772,104.37701,119.42226,-138.97816,-101.12377,282.22995
-43.745884,104.133736,120.89294,-208.75014,-81.61154,252.05058
-45.822792,103.49991,122.25494,-217.1459,-79.425354,227.01921
-47.137375,102.711845,124.2521,-199.90236,-82.548615,228.10852
-50.997013,100.352295,132.54573,-168.70705,-87.460815,282.89377
-53.088505,100.10476,133.86238,-187.92146,-71.757416,247.9276
-55.662014,98.95215,136.53412,-216.99657,-88.074196,264.08234
-58.06554,98.27916,138.3218,-233.03732,-85.30217,248.70743
-61.04409,98.97112,137.81384,-260.809,-40.985516,165.64317
-62.0969,99.88062,137.80968,-224.8668,-2.2727475,122.12049
-62.936302,100.04318,141.24495,-191.0278,3.319867,195.20499
-65.29126,100.97452,143.68633,-212.24124,30.989464,217.9532
-66.387405,101.4441,146.97867,-189.83295,37.22486,261.49213
0.0,0.0,0.0,0.0,0.0,0.0
0.0,0.0,0.0,0.0,0.0,0.0
0.0,0.0,0.0,0.0,0.0,0.0
0.0,0.0,0.0,0.0,0.0,0.0
0.0,0.0,0.0,0.0,0.0,0.0
0.0,0.0,0.0,0.0,0.0,0.0
0.0,0.0,0.0,0.0,0.0,0.0
0.0,0.0,0.0,0.0,0.0,0.0
0.0,0.0,0.0,0.0,0.0,0.0
0.0,0.0,0.0,0.0,0.0,0.0
0.0,0.0,0.0,0.0,0.0,0.0
0.0,0.0,0.0,0.0,0.0,0.0
0.0,0.0,0.0,0.0,0.0,0.0
0.0,0.0,0.0,0.0,0.0,0.0
0.0,0.0,0.0,0.0,0.0,0.0
0.0,0.0,0.0,0.0,0.0,0.0
0.0,0.0,0.0,0.0,0.0,0.0
0.0,0.0,0.0,0.0,0.0,0.0
0.0,0.0,0.0,0.0,0.0,0.0
0.0,0.0,0.0,0.0,0.0,0.0
0.0,0.0,0.0,0.0,0.0,0.0
0.0,0.0,0.0,0.0,0.0,0.0
0.0,0.0,0.0,0.0,0.0,0.0
0.0,0.0,0.0,0.0,0.0,0.0
0.0,0.0,0.0,0.0,0.0,0.0
0.0,0.0,0.0,0.0,0.0,0.0
0.0,0.0,0.0,0.0,0.0,0.0
0.0,0.0,0.0,0.0,0.0,0.0
0.0,0.0,0.0,0.0,0.0,0.0
0.0,0.0,0.0,0.0,0.0,0.0
0.0,0.0,0.0,0.0,0.0,0.0
0.0,0.0,0.0,0.0,0.0,0.0
0.0,0.0,0.0,0.0,0.0,0.0
0.0,0.0,0.0,0.0,0.0,0.0
0.0,0.0,0.0,0.0,0.0,0.0
0.0,0.0,0.0,0.0,0.0,0.0
0.0,0.0,0.0,0.0,0.0,0.0
0.0,0.0,0.0,0.0,0.0,0.0
0.0,0.0,0.0,0.0,0.0,0.0
0.0,0.0,0.0,0.0,0.0,0.0
0.0,0.0,0.0,0.0,0.0,0.0
0.0,0.0,0.0,0.0,0.0,0.0
0.0,0.0,0.0,0.0,0.0,0.0
0.0,0.0,0.0,0.0,0.0,0.0
0.0,0.0,0.0,0.0,0.0,0.0
0.0,0.0,0.0,0.0,0.0,0.0
0.0,0.0,0.0,0.0,0.0,0.0
0.0,0.0,0.0,0.0,0.0,0.0
0.0,0.0,0.0,0.0,0.0,0.0
0.0,0.0,0.0,0.0,0.0,0.0
0.0,0.0,0.0,0.0,0.0,0.0
0.0,0.0,0.0,0.0,0.0,0.0
0.0,0.0,0.0,0.0,0.0,0.0
0.0,0.0,0.0,0.0,0.0,0.0
0.0,0.0,0.0,0.0,0.0,0.0
0.0,0.0,0.0,0.0,0.0,0.0
0.0,0.0,0.0,0.0,0.0,0.0
0.0,0.0,0.0,0.0,0.0,0.0
0.0,0.0,0.0,0.0,0.0,0.0
0.0,0.0,0.0,0.0,0.0,0.0
0.0,0.0,0.0,0.0,0.0,0.0
0.0,0.0,0.0,0.0,0.0,0.0
0.0,0.0,0.0,0.0,0.0,0.0
0.0,0.0,0.0,0.0,0.0,0.0
0.0,0.0,0.0,0.0,0.0,0.0
0.0,0.0,0.0,0.0,0.0,0.0
0.0,0.0,0.0,0.0,0.0,0.0
0.0,0.0,0.0,0.0,0.0,0.0
0.0,0.0,0.0,0.0,0.0,0.0
0.0,0.0,0.0,0.0,0.0,0.0
0.0,0.0,0.0,0.0,0.0,0.0
0.0,0.0,0.0,0.0,0.0,0.0
0.0,0.0,0.0,0.0,0.0,0.0
0.0,0.0,0.0,0.0,0.0,0.0
0.0,0.0,0.0,0.0,0.0,0.0
0.0,0.0,0.0,0.0,0.0,0.0
0.0,0.0,0.0,0.0,0.0,0.0
0.0,0.0,0.0,0.0,0.0,0.0
0.0,0.0,0.0,0.0,0.0,0.0
0.0,0.0,0.0,0.0,0.0,0.0
0.0,0.0,0.0,0.0,0.0,0.0
0.0,0.0,0.0,0.0,0.0,0.0
0.0,0.0,0.0,0.0,0.0,0.0
0.0,0.0,0.0,0.0,0.0,0.0
0.0,0.0,0.0,0.0,0.0,0.0
0.0,0.0,0.0,0.0,0.0,0.0
0.0,0.0,0.0,0.0,0.0,0.0
0.0,0.0,0.0,0.0,0.0,0.0
0.0,0.0,0.0,0.0,0.0,0.0
0.0,0.0,0.0,0.0,0.0,0.0
0.0,0.0,0.0,0.0,0.0,0.0
0.0,0.0,0.0,0.0,0.0,0.0
0.0,0.0,0.0,0.0,0.0,0.0
119.97367,118.61244,-75.68446,1.1920929E-7,1.1920929E-7,1.1920929E-7
116.827354,118.98161,-75.37262,-318.77548,37.40355,31.5956
113.92178,119.34681,-74.95313,-335.7574,40.15668,37.399853
109.79093,119.67196,-74.3256,-373.31287,39.465473,46.720116
105.16168,119.65878,-74.34963,-415.90454,28.552277,33.54208
100.78094,119.457375,-73.47593,-440.0191,14.795147,51.459743
96.7106,119.13591,-72.30386,-447.9356,0.9987226,73.742386
92.19507,119.08675,-71.98027,-467.30908,-0.7752059,64.05284
88.15917,118.65864,-70.96198,-467.05753,-13.707319,78.29139
84.341866,118.42296,-69.78261,-460.0225,-17.294716,93.665375
80.490715,117.88482,-68.44904,-453.40353,-29.078875,109.12509
76.70163,117.39564,-67.47285,-450.8383,-36.483307,110.48286
73.191,116.968,-66.60422,-438.4327,-39.8822,107.69774
65.528305,115.84628,-63.88284,-437.93817,-51.10087,129.83144
59.55969,115.175514,-60.8582,-396.6971,-45.603622,151.08905
56.8216,115.008606,-59.872883,-369.36374,-37.96308,138.9284
54.17374,114.613815,-58.55813,-357.89816,-40.579266,144.47986
50.095055,112.45999,-58.092503,-387.87857,-95.872894,120.35061
47.362526,112.0099,-57.390255,-367.94904,-84.04027,109.70377
45.16718,111.82955,-55.972042,-337.4943,-67.23295,124.05534
43.06683,111.241875,-54.002823,-312.41946,-67.432884,151.58372
35.406204,110.28416,-47.308113,-301.37518,-48.88553,215.40433
33.67438,110.05865,-45.35183,-274.3433,-42.800976,218.12653
31.384262,110.16577,-43.45368,-263.5694,-27.105415,211.89334
29.128647,110.2229,-41.765854,-270.60547,-18.812738,213.6343
26.749928,110.232544,-39.942974,-271.74615,-13.521086,212.84564
24.146502,110.0267,-37.650177,-279.3867,-16.242476,226.61317
21.256496,109.70663,-35.79381,-293.70987,-21.740221,223.2676
18.499472,109.747055,-33.907936,-299.72327,-14.690211,221.40398
16.028086,109.87408,-31.73266,-295.72906,-6.8826356,229.17969
13.714708,109.93275,-29.21815,-288.63184,-3.2617476,245.84665
11.402716,109.90434,-26.594833,-282.88535,-3.2666335,261.02148
8.960449,109.901276,-24.10338,-282.19513,-2.4881794,267.67947
6.4849224,110.35786,-21.817038,-283.37668,12.187291,266.90164
4.210356,110.611725,-19.464771,-277.30237,16.70888,267.6153
1.9790678,110.81336,-16.892128,-272.51114,18.48368,275.8688
-0.40032423,110.98658,-14.417805,-272.50577,18.84608,277.87427
-2.9391541,111.01148,-12.042745,-278.16537,14.612319,277.08313
-5.659499,110.47224,-9.9477215,-287.82605,-5.816281,267.8392
-8.704775,110.52176,-8.089231,-304.74008,-2.7503383,253.65366
-10.7773,110.74806,-6.206144,-287.07574,4.9230437,243.79617
-13.236403,110.7616,-3.775858,-286.08984,4.0278516,253.4474
-14.672586,111.36346,-1.7530954,-253.88069,21.412626,247.92859
-16.043756,112.65316,0.15628763,-228.7486,55.340065,240.89754
-17.436186,113.794205,2.136918,-210.15314,75.48434,237.07281
-19.20231,114.41848,4.216113,-208.70786,74.65518,238.1084
-22.170921,115.733,5.1374784,-243.83533,94.96322,202.62471
-26.030085,117.399506,6.0530987,-297.84494,121.01935,177.14287
-28.356857,117.96813,7.910594,-290.32028,106.39561,187.20769
-30.429884,118.129166,10.796067,-276.3328,82.91525,225.66872
-31.83731,118.33382,13.258698,-245.85039,67.093376,241.05153
-32.728134,118.136154,15.397834,-208.11748,43.262352,242.91805
-34.24791,118.07114,19.970448,-199.0619,29.702946,318.13635
-35.680977,118.00787,23.351847,-190.14438,19.869404,337.36554
-37.14393,117.88096,26.418617,-184.5248,10.696553,341.85184
-39.715477,118.38381,29.145159,-214.48486,23.2918,334.81998
-42.494484,118.95003,31.595299,-242.50204,34.443233,320.6589
-44.176968,118.90907,34.925823,-229.407,23.99966,337.25198
-45.756256,118.48594,37.952496,-217.13208,4.6517935,340.85022
-46.702854,117.88365,40.992107,-188.24496,-15.058229,343.14688
-49.170696,117.22616,43.52727,-213.9417,-31.231186,329.74295
-53.13546,117.79401,45.1561,-278.76453,-5.508888,292.1194
-56.16493,118.11877,47.17037,-297.22144,5.9191113,275.8847
-58.04273,114.05697,48.10023,-275.78162,-120.27222,231.03677
-60.401176,112.01046,50.197956,-274.54587,-150.94907,233.7405
-62.415962,112.95466,52.906456,-263.21634,-81.78141,254.55785
-63.786407,113.00033,55.823868,-235.26259,-58.631058,276.36893
-69.11191,115.48184,58.36142,-336.114,33.09523,280.75085
-71.90105,116.91398,59.99219,-332.59763,68.27977,256.35886
-72.80342,115.74614,62.694927,-271.77682,14.283928,271.05588
-73.461,114.899155,64.94253,-218.64128,-15.491633,266.7833
-73.57662,114.60014,68.21602,-164.79091,-20.618181,297.39047
-74.182014,113.791794,70.74307,-139.54948,-39.93779,295.85236
-76.01633,114.33872,73.92647,-158.74323,-12.541024,314.8985
-77.51913,114.848015,76.89566,-162.71808,6.418471,322.41776
-78.67902,114.771576,79.0655,-154.83197,2.3610866,302.85388
-80.01562,114.940506,82.13646,-154.8202,6.9211082,316.84647
-81.322105,115.35375,85.54756,-152.60966,17.665443,334.85303
-82.21614,114.80069,87.836395,-140.0307,-3.9783342,317.31232
-84.6582,114.6757,90.02981,-178.03635,-6.7661,300.83618
-86.00162,114.69111,92.287,-172.02405,-4.4977393,290.2831
-87.34934,114.31854,94.27526,-167.58867,-14.729852,274.02573
-88.097626,113.65813,96.83092,-145.86333,-31.057158,279.35678
-88.32834,112.91391,99.394066,-114.19791,-45.645508,283.80743
-89.34979,112.154854,101.76882,-114.21389,-56.364567,278.84515
-91.40041,111.988495,104.77875,-147.77643,-46.87275,299.26974
-92.79296,111.28598,107.35031,-151.33873,-56.008762,298.85437
-94.85884,112.022,109.48926,-174.35866,-18.507193,284.79587
-95.63747,111.89015,111.49577,-151.71448,-17.612444,270.33817
-96.59555,111.84929,113.94295,-140.76672,-14.182716,273.53375
-97.07707,110.97883,116.15139,-118.05714,-37.10742,268.44693
-98.069405,110.96686,119.12874,-117.21836,-27.636549,288.66937
-100.92664,110.681404,122.148125,-173.44379,-28.994427,304.00858
-102.50904,109.90223,124.44733,-176.06577,-45.232338,294.04056
-104.89972,108.883,127.29009,-202.48517,-64.44295,302.89624
-106.372314,109.16329,128.25748,-193.41042,-38.602314,251.45935
-107.49927,108.93426,130.51079,-176.7709,-35.407368,254.0219
-108.581245,108.636314,133.65411,-162.91997,-35.124813,282.84915
-110.82522,108.01092,138.10374,-188.532,-44.99235,344.3109
-112.57499,109.002655,140.35437,-192.13065,-2.6058998,321.88724
-112.5305,109.18342,140.51407,-139.49019,3.63227,240.87772
-112.125496,108.47681,142.70296,-90.05748,-19.020224,244.16898
-112.40704,107.89945,145.84842,-74.655556,-31.646986,275.45065
-112.53244,107.581604,147.68787,-58.681187,-32.998302,258.76373
-113.24831,107.34091,150.2391,-65.09791,-31.638088,268.47314
-113.907524,106.89552,152.71043,-68.005066,-36.886047,272.8724
-113.77584,106.13288,157.64526,-45.816113,-50.424496,351.34988
-114.09985,105.92443,162.46211,-43.545338,-43.38153,405.46243
-113.90038,105.30508,163.05367,-25.845966,-50.848328,315.79364
-113.87194,105.01703,162.55966,-18.082142,-46.12317,216.43817
-114.92658,104.59281,165.68697,-45.67851,-46.93966,255.16954
0.0,0.0,0.0,0.0,0.0,0.0
0.0,0.0,0.0,0.0,0.0,0.0
0.0,0.0,0.0,0.0,0.0,0.0
0.0,0.0,0.0,0.0,0.0,0.0
0.0,0.0,0.0,0.0,0.0,0.0
0.0,0.0,0.0,0.0,0.0,0.0
0.0,0.0,0.0,0.0,0.0,0.0
0.0,0.0,0.0,0.0,0.0,0.0
0.0,0.0,0.0,0.0,0.0,0.0
0.0,0.0,0.0,0.0,0.0,0.0
0.0,0.0,0.0,0.0,0.0,0.0
0.0,0.0,0.0,0.0,0.0,0.0
0.0,0.0,0.0,0.0,0.0,0.0
0.0,0.0,0.0,0.0,0.0,0.0
0.0,0.0,0.0,0.0,0.0,0.0
0.0,0.0,0.0,0.0,0.0,0.0
0.0,0.0,0.0,0.0,0.0,0.0
0.0,0.0,0.0,0.0,0.0,0.0
0.0,0.0,0.0,0.0,0.0,0.0
0.0,0.0,0.0,0.0,0.0,0.0
0.0,0.0,0.0,0.0,0.0,0.0
0.0,0.0,0.0,0.0,0.0,0.0
0.0,0.0,0.0,0.0,0.0,0.0
0.0,0.0,0.0,0.0,0.0,0.0
0.0,0.0,0.0,0.0,0.0,0.0
0.0,0.0,0.0,0.0,0.0,0.0
0.0,0.0,0.0,0.0,0.0,0.0
0.0,0.0,0.0,0.0,0.0,0.0
0.0,0.0,0.0,0.0,0.0,0.0
0.0,0.0,0.0,0.0,0.0,0.0
0.0,0.0,0.0,0.0,0.0,0.0
0.0,0.0,0.0,0.0,0.0,0.0
0.0,0.0,0.0,0.0,0.0,0.0
0.0,0.0,0.0,0.0,0.0,0.0
0.0,0.0,0.0,0.0,0.0,0.0
0.0,0.0,0.0,0.0,0.0,0.0
0.0,0.0,0.0,0.0,0.0,0.0
0.0,0.0,0.0,0.0,0.0,0.0
0.0,0.0,0.0,0.0,0.0,0.0
0.0,0.0,0.0,0.0,0.0,0.0
0.0,0.0,0.0,0.0,0.0,0.0
0.0,0.0,0.0,0.0,0.0,0.0
0.0,0.0,0.0,0.0,0.0,0.0
0.0,0.0,0.0,0.0,0.0,0.0
0.0,0.0,0.0,0.0,0.0,0.0
0.0,0.0,0.0,0.0,0.0,0.0
0.0,0.0,0.0,0.0,0.0,0.0
0.0,0.0,0.0,0.0,0.0,0.0
0.0,0.0,0.0,0.0,0.0,0.0
0.0,0.0,0.0,0.0,0.0,0.0
0.0,0.0,0.0,0.0,0.0,0.0
0.0,0.0,0.0,0.0,0.0,0.0
0.0,0.0,0.0,0.0,0.0,0.0
0.0,0.0,0.0,0.0,0.0,0.0
0.0,0.0,0.0,0.0,0.0,0.0
0.0,0.0,0.0,0.0,0.0,0.0
0.0,0.0,0.0,0.0,0.0,0.0
0.0,0.0,0.0,0.0,0.0,0.0
0.0,0.0,0.0,0.0,0.0,0.0
0.0,0.0,0.0,0.0,0.0,0.0
0.0,0.0,0.0,0.0,0.0,0.0
0.0,0.0,0.0,0.0,0.0,0.0
0.0,0.0,0.0,0.0,0.0,0.0
0.0,0.0,0.0,0.0,0.0,0.0
0.0,0.0,0.0,0.0,0.0,0.0
0.0,0.0,0.0,0.0,0.0,0.0
0.0,0.0,0.0,0.0,0.0,0.0
0.0,0.0,0.0,0.0,0.0,0.0
0.0,0.0,0.0,0.0,0.0,0.0
0.0,0.0,0.0,0.0,0.0,0.0
0.0,0.0,0.0,0.0,0.0,0.0
0.0,0.0,0.0,0.0,0.0,0.0
0.0,0.0,0.0,0.0,0.0,0.0
0.0,0.0,0.0,0.0,0.0,0.0
0.0,0.0,0.0,0.0,0.0,0.0
0.0,0.0,0.0,0.0,0.0,0.0
0.0,0.0,0.0,0.0,0.0,0.0
0.0,0.0,0.0,0.0,0.0,0.0
0.0,0.0,0.0,0.0,0.0,0.0
0.0,0.0,0.0,0.0,0.0,0.0
0.0,0.0,0.0,0.0,0.0,0.0
0.0,0.0,0.0,0.0,0.0,0.0
0.0,0.0,0.0,0.0,0.0,0.0
0.0,0.0,0.0,0.0,0.0,0.0
0.0,0.0,0.0,0.0,0.0,0.0
0.0,0.0,0.0,0.0,0.0,0.0
0.0,0.0,0.0,0.0,0.0,0.0
0.0,0.0,0.0,0.0,0.0,0.0
0.0,0.0,0.0,0.0,0.0,0.0
0.0,0.0,0.0,0.0,0.0,0.0
0.0,0.0,0.0,0.0,0.0,0.0
0.0,0.0,0.0,0.0,0.0,0.0
0.0,0.0,0.0,0.0,0.0,0.0
0.0,0.0,0.0,0.0,0.0,0.0
0.0,0.0,0.0,0.0,0.0,0.0
0.0,0.0,0.0,0.0,0.0,0.0
0.0,0.0,0.0,0.0,0.0,0.0
0.0,0.0,0.0,0.0,0.0,0.0
0.0,0.0,0.0,0.0,0.0,0.0
0.0,0.0,0.0,0.0,0.0,0.0
0.0,0.0,0.0,0.0,0.0,0.0
0.0,0.0,0.0,0.0,0.0,0.0
0.0,0.0,0.0,0.0,0.0,0.0
0.0,0.0,0.0,0.0,0.0,0.0
0.0,0.0,0.0,0.0,0.0,0.0
0.0,0.0,0.0,0.0,0.0,0.0
0.0,0.0,0.0,0.0,0.0,0.0
0.0,0.0,0.0,0.0,0.0,0.0
0.0,0.0,0.0,0.0,0.0,0.0
0.0,0.0,0.0,0.0,0.0,0.0
0.0,0.0,0.0,0.0,0.0,0.0
0.0,0.0,0.0,0.0,0.0,0.0
0.0,0.0,0.0,0.0,0.0,0.0
0.0,0.0,0.0,0.0,0.0,0.0
0.0,0.0,0.0,0.0,0.0,0.0
0.0,0.0,0.0,0.0,0.0,0.0
0.0,0.0,0.0,0.0,0.0,0.0
0.0,0.0,0.0,0.0,0.0,0.0
0.0,0.0,0.0,0.0,0.0,0.0
0.0,0.0,0.0,0.0,0.0,0.0
0.0,0.0,0.0,0.0,0.0,0.0
0.0,0.0,0.0,0.0,0.0,0.0
0.0,0.0,0.0,0.0,0.0,0.0
0.0,0.0,0.0,0.0,0.0,0.0
0.0,0.0,0.0,0.0,0.0,0.0
0.0,0.0,0.0,0.0,0.0,0.0
0.0,0.0,0.0,0.0,0.0,0.0
0.0,0.0,0.0,0.0,0.0,0.0
0.0,0.0,0.0,0.0,0.0,0.0
0.0,0.0,0.0,0.0,0.0,0.0
0.0,0.0,0.0,0.0,0.0,0.0
0.0,0.0,0.0,0.0,0.0,0.0
0.0,0.0,0.0,0.0,0.0,0.0
0.0,0.0,0.0,0.0,0.0,0.0
0.0,0.0,0.0,0.0,0.0,0.0
0.0,0.0,0.0,0.0,0.0,0.0
0.0,0.0,0.0,0.0,0.0,0.0
0.0,0.0,0.0,0.0,0.0,0.0
0.0,0.0,0.0,0.0,0.0,0.0
0.0,0.0,0.0,0.0,0.0,0.0
0.0,0.0,0.0,0.0,0.0,0.0
0.0,0.0,0.0,0.0,0.0,0.0
0.0,0.0,0.0,0.0,0.0,0.0
0.0,0.0,0.0,0.0,0.0,0.0
0.0,0.0,0.0,0.0,0.0,0.0
0.0,0.0,0.0,0.0,0.0,0.0
0.0,0.0,0.0,0.0,0.0,0.0
0.0,0.0,0.0,0.0,0.0,0.0
0.0,0.0,0.0,0.0,0.0,0.0
0.0,0.0,0.0,0.0,0.0,0.0
0.0,0.0,0.0,0.0,0.0,0.0
0.0,0.0,0.0,0.0,0.0,0.0
0.0,0.0,0.0,0.0,0.0,0.0
0.0,0.0,0.0,0.0,0.0,0.0
0.0,0.0,0.0,0.0,0.0,0.0
0.0,0.0,0.0,0.0,0.0,0.0
0.0,0.0,0.0,0.0,0.0,0.0
0.0,0.0,0.0,0.0,0.0,0.0
0.0,0.0,0.0,0.0,0.0,0.0
0.0,0.0,0.0,0.0,0.0,0.0
0.0,0.0,0.0,0.0,0.0,0.0
0.0,0.0,0.0,0.0,0.0,0.0
0.0,0.0,0.0,0.0,0.0,0.0
0.0,0.0,0.0,0.0,0.0,0.0
0.0,0.0,0.0,0.0,0.0,0.0
0.0,0.0,0.0,0.0,0.0,0.0
0.0,0.0,0.0,0.0,0.0,0.0
0.0,0.0,0.0,0.0,0.0,0.0
0.0,0.0,0.0,0.0,0.0,0.0
0.0,0.0,0.0,0.0,0.0,0.0
0.0,0.0,0.0,0.0,0.0,0.0
0.0,0.0,0.0,0.0,0.0,0.0
0.0,0.0,0.0,0.0,0.0,0.0
0.0,0.0,0.0,0.0,0.0,0.0
0.0,0.0,0.0,0.0,0.0,0.0
0.0,0.0,0.0,0.0,0.0,0.0
0.0,0.0,0.0,0.0,0.0,0.0
0.0,0.0,0.0,0.0,0.0,0.0
0.0,0.0,0.0,0.0,0.0,0.0
0.0,0.0,0.0,0.0,0.0,0.0
0.0,0.0,0.0,0.0,0.0,0.0
0.0,0.0,0.0,0.0,0.0,0.0
0.0,0.0,0.0,0.0,0.0,0.0
0.0,0.0,0.0,0.0,0.0,0.0
0.0,0.0,0.0,0.0,0.0,0.0
0.0,0.0,0.0,0.0,0.0,0.0
0.0,0.0,0.0,0.0,0.0,0.0
0.0,0.0,0.0,0.0,0.0,0.0
0.0,0.0,0.0,0.0,0.0,0.0
0.0,0.0,0.0,0.0,0.0,0.0
0.0,0.0,0.0,0.0,0.0,0.0
0.0,0.0,0.0,0.0,0.0,0.0
0.0,0.0,0.0,0.0,0.0,0.0
0.0,0.0,0.0,0.0,0.0,0.0
0.0,0.0,0.0,0.0,0.0,0.0
0.0,0.0,0.0,0.0,0.0,0.0
0.0,0.0,0.0,0.0,0.0,0.0
0.0,0.0,0.0,0.0,0.0,0.0
0.0,0.0,0.0,0.0,0.0,0.0
0.0,0.0,0.0,0.0,0.0,0.0
0.0,0.0,0.0,0.0,0.0,0.0
0.0,0.0,0.0,0.0,0.0,0.0
0.0,0.0,0.0,0.0,0.0,0.0
0.0,0.0,0.0,0.0,0.0,0.0
0.0,0.0,0.0,0.0,0.0,0.0
0.0,0.0,0.0,0.0,0.0,0.0
0.0,0.0,0.0,0.0,0.0,0.0
0.0,0.0,0.0,0.0,0.0,0.0
0.0,0.0,0.0,0.0,0.0,0.0
0.0,0.0,0.0,0.0,0.0,0.0
0.0,0.0,0.0,0.0,0.0,0.0
0.0,0.0,0.0,0.0,0.0,0.0
0.0,0.0,0.0,0.0,0.0,0.0
0.0,0.0,0.0,0.0,0.0,0.0
0.0,0.0,0.0,0.0,0.0,0.0
0.0,0.0,0.0,0.0,0.0,0.0
0.0,0.0,0.0,0.0,0.0,0.0
0.0,0.0,0.0,0.0,0.0,0.0
0.0,0.0,0.0,0.0,0.0,0.0
0.0,0.0,0.0,0.0,0.0,0.0
0.0,0.0,0.0,0.0,0.0,0.0
0.0,0.0,0.0,0.0,0.0,0.0
0.0,0.0,0.0,0.0,0.0,0.0
0.0,0.0,0.0,0.0,0.0,0.0
0.0,0.0,0.0,0.0,0.0,0.0
0.0,0.0,0.0,0.0,0.0,0.0
0.0,0.0,0.0,0.0,0.0,0.0
0.0,0.0,0.0,0.0,0.0,0.0
0.0,0.0,0.0,0.0,0.0,0.0
0.0,0.0,0.0,0.0,0.0,0.0
0.0,0.0,0.0,0.0,0.0,0.0
0.0,0.0,0.0,0.0,0.0,0.0
0.0,0.0,0.0,0.0,0.0,0.0
0.0,0.0,0.0,0.0,0.0,0.0
0.0,0.0,0.0,0.0,0.0,0.0
0.0,0.0,0.0,0.0,0.0,0.0
0.0,0.0,0.0,0.0,0.0,0.0
0.0,0.0,0.0,0.0,0.0,0.0
0.0,0.0,0.0,0.0,0.0,0.0
0.0,0.0,0.0,0.0,0.0,0.0
0.0,0.0,0.0,0.0,0.0,0.0
0.0,0.0,0.0,0.0,0.0,0.0
0.0,0.0,0.0,0.0,0.0,0.0
0.0,0.0,0.0,0.0,0.0,0.0
0.0,0.0,0.0,0.0,0.0,0.0
0.0,0.0,0.0,0.0,0.0,0.0
0.0,0.0,0.0,0.0,0.0,0.0
0.0,0.0,0.0,0.0,0.0,0.0
0.0